tag,start_time,end_time,elapsed,result
process-0,1589134497.086957,1589134498.218633,1.1316759586334229,514229
process-1,1589134497.087748,1589134498.735704,1.6479558944702148,832040
process-2,1589134497.0881238,1589134499.895662,2.8075382709503174,1346269
process-3,1589134497.089262,1589134501.3434901,4.254228115081787,2178309
process-4,1589134497.090878,1589134503.3779688,6.28709077835083,3524578
process-5,1589134497.091424,1589134506.237964,9.14653992652893,5702887
process-6,1589134497.097813,1589134510.555213,13.45740008354187,9227465
process-7,1589134497.101542,1589134516.610571,19.509028911590576,14930352
process-8,1589134497.110402,1589134525.0185401,27.908138036727905,24157817
process-9,1589134497.118647,1589134536.256982,39.13833498954773,39088169
process-10,1589134497.121943,1589134551.0168269,53.89488387107849,63245986
process-11,1589134497.1323678,1589134569.119968,71.9876000881195,102334155
