tag,start_time,end_time,elapsed,result
process-get-0,1589136984.18835,1589136986.629475,2.4411251544952393,b''
process-get-1,1589136984.188572,1589136988.583894,4.39532208442688,b''
process-get-2,1589136984.188768,1589136987.6890721,3.5003042221069336,b''
process-get-3,1589136984.1889138,1589136987.973647,3.784733295440674,b''
process-get-4,1589136984.1890838,1589136987.6892538,3.5001699924468994,b''
process-get-5,1589136984.189329,1589136986.459842,2.2705130577087402,b''
process-get-6,1589136984.189467,1589136988.2948139,4.105346918106079,b''
process-get-7,1589136984.1895769,1589136986.661821,2.4722440242767334,b''
