tag,start_time,end_time,elapsed,result
process-get-0,1589134899.308583,1589134901.310706,2.0021228790283203,b''
process-get-1,1589134899.3087192,1589134901.000913,1.6921937465667725,b''
process-get-2,1589134899.3088782,1589134900.9877162,1.6788380146026611,b''
process-get-3,1589134899.309078,1589134901.002392,1.6933140754699707,b''
process-get-4,1589134899.3092659,1589134900.988109,1.6788432598114014,b''
process-get-5,1589134899.309403,1589134901.38909,2.0796871185302734,b''
process-get-6,1589134899.311135,1589134902.11603,2.8048949241638184,b''
process-get-7,1589134899.3097851,1589134901.08358,1.7737948894500732,b''
process-get-8,1589134899.311255,1589134901.060987,1.7497320175170898,b''
process-get-9,1589134899.311433,1589134901.052053,1.7406198978424072,b''
process-get-10,1589134899.311619,1589134901.0522208,1.7406017780303955,b''
process-get-11,1589134899.312178,1589134901.388107,2.0759291648864746,b''
