tag,start_time,end_time,elapsed,result
process-0,1589136829.619312,1589136832.690476,3.0711638927459717,3524578
process-1,1589136829.619498,1589136834.373324,4.753825902938843,5702887
process-2,1589136829.619745,1589136836.920923,7.301177978515625,9227465
process-3,1589136829.6199071,1589136840.3749352,10.755028009414673,14930352
process-4,1589136829.6200519,1589136844.8024058,15.182353973388672,24157817
process-5,1589136829.62023,1589136851.784672,22.16444206237793,39088169
process-6,1589136829.6204128,1589136863.784193,34.163780212402344,63245986
process-7,1589136829.6205308,1589136879.600437,49.97990608215332,102334155
