tag	start_time	end_time	elapsed
Process_1	1587455964.6156669	1587455964.621378
Process_2	1587455964.6166651	1587455964.626312
Process_3	1587455964.61747	1587455964.633
Process_4	1587455964.6180701	1587455964.643082
Process_5	1587455964.618853	1587455964.657116
Process_6	1587455964.619818	1587455964.6829598
Process_7	1587455964.6205199	1587455964.70811
Process_8	1587455964.623806	1587455964.7560902
Process_9	1587455964.625539	1587455964.809505
Process_10	1587455964.628374	1587455964.9002502
Thread_1	1587455964.902008	1587455964.905709
Thread_2	1587455964.906111	1587455964.91053
Thread_3	1587455964.911061	1587455964.923746
Thread_4	1587455964.917345	1587455964.932422
Thread_5	1587455964.932673	1587455964.9634402
Thread_6	1587455964.950461	1587455965.0070999
Thread_7	1587455964.97486	1587455965.118697
Thread_8	1587455964.991931	1587455965.23272
Thread_9	1587455965.031918	1587455965.3630662
Thread_10	1587455965.037032	1587455965.451829
