tag,start_time,end_time,elapsed,result
thread-0,1589136879.60463,1589136891.221386,11.616755962371826,3524578
thread-1,1589136879.617037,1589136897.40626,17.789222955703735,5702887
thread-2,1589136879.6337101,1589136905.249346,25.615635871887207,9227465
thread-3,1589136879.639852,1589136917.552213,37.91236090660095,14930352
thread-4,1589136879.65118,1589136932.2649522,52.61377215385437,24157817
thread-5,1589136879.668509,1589136949.428639,69.76012992858887,39088169
thread-6,1589136879.6854138,1589136968.566182,88.8807680606842,63245986
thread-7,1589136879.754921,1589136984.170905,104.41598415374756,102334155
