tag,start_time,end_time,elapsed,result
thread-0,1589134569.1244328,1589134571.080162,1.9557292461395264,514229
thread-1,1589134569.136041,1589134573.2429252,4.106884241104126,832040
thread-2,1589134569.153418,1589134575.462969,6.309551000595093,1346269
thread-3,1589134569.186713,1589134578.951092,9.764379024505615,2178309
thread-4,1589134569.2517571,1589134583.6616058,14.409848690032959,3524578
thread-5,1589134569.323791,1589134590.051986,20.72819495201111,5702887
thread-6,1589134569.348044,1589134600.509283,31.16123914718628,9227465
thread-7,1589134569.37622,1589134611.742694,42.36647391319275,14930352
thread-8,1589134569.443261,1589134628.1188538,58.67559289932251,24157817
thread-9,1589134569.525321,1589134647.169232,77.64391088485718,39088169
thread-10,1589134569.610466,1589134667.400973,97.79050707817078,63245986
thread-11,1589134569.6855612,1589134682.606741,112.92117977142334,102334155
