tag,start_time,end_time,elapsed,result
thread-get-0,1589136988.590165,1589136991.458514,2.868349075317383,b''
thread-get-1,1589136988.5910559,1589136990.4337778,1.842721939086914,b''
thread-get-2,1589136988.591431,1589136990.5133262,1.9218952655792236,b''
thread-get-3,1589136988.591857,1589136990.837755,2.2458980083465576,b''
thread-get-4,1589136988.5922492,1589136990.7179022,2.125653028488159,b''
thread-get-5,1589136988.593069,1589136992.129024,3.5359549522399902,b''
thread-get-6,1589136988.593774,1589136991.469801,2.8760268688201904,b''
thread-get-7,1589136988.594691,1589136991.1394,2.5447089672088623,b''
