tag,start_time,end_time,elapsed,result
thread-get-0,1589134902.1257632,1589134903.6635299,1.537766695022583,b''
thread-get-1,1589134902.1264708,1589134904.1632729,2.036802053451538,b''
thread-get-2,1589134902.12688,1589134903.6575842,1.5307042598724365,b''
thread-get-3,1589134902.1273448,1589134903.6616588,1.5343139171600342,b''
thread-get-4,1589134902.12768,1589134903.6772811,1.5496010780334473,b''
thread-get-5,1589134902.1279948,1589134903.653857,1.525862216949463,b''
thread-get-6,1589134902.128302,1589134903.666521,1.5382189750671387,b''
thread-get-7,1589134902.1287522,1589134903.6683788,1.5396265983581543,b''
thread-get-8,1589134902.1290612,1589134903.659509,1.5304477214813232,b''
thread-get-9,1589134902.129408,1589134903.674012,1.5446040630340576,b''
thread-get-10,1589134902.1298702,1589134903.671988,1.5421178340911865,b''
thread-get-11,1589134902.1302888,1589134903.67581,1.5455212593078613,b''
